"","X","roster.No.","roster.Player","roster.Pos","roster.Ht","roster.Wt","roster.Birth.Date","roster..","roster.Exp","roster.College"
"1",1,"0","Avery Bradley","SG","6-2",180,"November 26, 1990","us","6","University of Texas at Austin"
"2",2,"7","Jaylen Brown","SF","6-7",220,"October 24, 1996","us","R","University of California"
"3",3,"99","Jae Crowder","SF","6-6",235,"July 6, 1990","us","4","Marquette University"
"4",4,"30","Gerald Green","SF","6-7",205,"January 26, 1986","us","9",""
"5",5,"42","Al Horford","C","6-10",245,"June 3, 1986","do","9","University of Florida"
"6",6,"9","Demetrius Jackson","PG","6-1",201,"September 7, 1994","us","R","University of Notre Dame"
"7",7,"8","Jonas Jerebko","PF","6-10",231,"March 2, 1987","se","6",""
"8",8,"90","Amir Johnson","PF","6-9",240,"May 1, 1987","us","11",""
"9",9,"55","Jordan Mickey","PF","6-8",235,"July 9, 1994","us","1","Louisiana State University"
"10",10,"41","Kelly Olynyk","C","7-0",240,"April 19, 1991","ca","3","Gonzaga University"
"11",11,"12","Terry Rozier","PG","6-1",190,"March 17, 1994","us","1","University of Louisville"
"12",12,"36","Marcus Smart","SG","6-4",220,"March 6, 1994","us","2","Oklahoma State University"
"13",13,"4","Isaiah Thomas","PG","5-9",185,"February 7, 1989","us","5","University of Washington"
"14",14,"13","James Young","SG","6-6",215,"August 16, 1995","us","2","University of Kentucky"
"15",15,"44","Tyler Zeller","C","7-0",253,"January 17, 1990","us","4","University of North Carolina"
"16",1,"00","Chris Andersen","C","6-10",245,"July 7, 1978","us","14","Blinn College"
"17",2,"6","Andrew Bogut","C","7-0",260,"November 28, 1984","au","11","University of Utah"
"18",3,"3","Mike Dunleavy","SF","6-9",230,"September 15, 1980","us","14","Duke University"
"19",4,"20","Kay Felder","PG","5-9",176,"March 29, 1995","us","R","Oakland University"
"20",5,"8","Channing Frye","C","7-0",255,"May 17, 1983","us","10","University of Arizona"
"21",6,"2","Kyrie Irving","PG","6-3",193,"March 23, 1992","au","5","Duke University"
"22",7,"23","LeBron James","SF","6-8",250,"December 30, 1984","us","13",""
"23",8,"24","Richard Jefferson","SF","6-7",233,"June 21, 1980","us","15","University of Arizona"
"24",9,"30","Dahntay Jones","SF","6-6",225,"December 27, 1980","us","12","Rutgers University, Duke University"
"25",10,"1","James Jones","SF","6-8",218,"October 4, 1980","us","13","University of Miami"
"26",11,"26","Kyle Korver","SG","6-7",212,"March 17, 1981","us","13","Creighton University"
"27",12,"14","DeAndre Liggins","SG","6-6",209,"March 31, 1988","us","3","University of Kentucky"
"28",13,"0","Kevin Love","PF","6-10",251,"September 7, 1988","us","8","University of California, Los Angeles"
"29",14,"12","Jordan McRae","SG","6-5",179,"March 28, 1991","us","1","University of Tennessee"
"30",15,"9","Larry Sanders","C","6-11",235,"November 21, 1988","us","5","Virginia Commonwealth University"
"31",16,"4","Iman Shumpert","SG","6-5",215,"June 26, 1990","us","5","Georgia Institute of Technology"
"32",17,"5","J.R. Smith","SG","6-6",225,"September 9, 1985","us","12",""
"33",18,"40","Edy Tavares","C","7-3",260,"March 22, 1992","cv","1",""
"34",19,"13","Tristan Thompson","C","6-10",238,"March 13, 1991","ca","5","University of Texas at Austin"
"35",20,"31","Deron Williams","PG","6-3",200,"June 26, 1984","us","11","University of Illinois at Urbana-Champaign"
"36",21,"3-32","Derrick Williams","PF","6-8",240,"May 25, 1991","us","5","University of Arizona"
"37",1,"20","Bruno Caboclo","SF","6-9",218,"September 21, 1995","br","2",""
"38",2,"5","DeMarre Carroll","SF","6-8",215,"July 27, 1986","us","7","Vanderbilt University, University of Missouri"
"39",3,"10","DeMar DeRozan","SG","6-7",220,"August 7, 1989","us","7","University of Southern California"
"40",4,"9","Serge Ibaka","PF","6-10",235,"September 18, 1989","cg","7",""
"41",5,"6","Cory Joseph","PG","6-3",193,"August 20, 1991","ca","5","University of Texas at Austin"
"42",6,"7","Kyle Lowry","PG","6-1",196,"March 25, 1986","us","10","Villanova University"
"43",7,"92","Lucas Nogueira","C","7-0",241,"July 26, 1992","br","2",""
"44",8,"54","Patrick Patterson","PF","6-9",230,"March 14, 1989","us","6","University of Kentucky"
"45",9,"42","Jakob Poeltl","C","7-0",230,"October 15, 1995","at","R","University of Utah"
"46",10,"24","Norman Powell","SG","6-4",215,"May 25, 1993","us","1","University of California, Los Angeles"
"47",11,"31","Terrence Ross","SF","6-7",206,"February 5, 1991","us","4","University of Washington"
"48",12,"43","Pascal Siakam","PF","6-9",230,"April 2, 1994","cm","R","New Mexico State University"
"49",13,"0","Jared Sullinger","PF","6-9",260,"March 4, 1992","us","4","Ohio State University"
"50",14,"2","P.J. Tucker","SF","6-6",245,"May 5, 1985","us","5","University of Texas at Austin"
"51",15,"17","Jonas Valanciunas","C","7-0",265,"May 6, 1992","lt","4",""
"52",16,"23","Fred VanVleet","PG","6-0",195,"February 25, 1994","us","R","Wichita State University"
"53",17,"55","Delon Wright","PG","6-5",183,"April 26, 1992","us","1","University of Utah"
"54",1,"3","Bradley Beal","SG","6-5",207,"June 28, 1993","us","4","University of Florida"
"55",2,"44","Bojan Bogdanovic","SF","6-8",216,"April 18, 1989","ba","2",""
"56",3,"33","Trey Burke","PG","6-1",175,"November 12, 1992","us","3","University of Michigan"
"57",4,"13","Marcin Gortat","C","6-11",240,"February 17, 1984","pl","9",""
"58",5,"4","Danuel House","SG","6-7",220,"June 7, 1993","us","R","Texas A&M University"
"59",6,"7","Brandon Jennings","PG","6-1",170,"September 23, 1989","us","7",""
"60",7,"9","Sheldon Mac","SG","6-5",200,"December 21, 1992","us","R","University of Miami"
"61",8,"28","Ian Mahinmi","C","6-11",262,"November 5, 1986","fr","8",""
"62",9,"1","Chris McCullough","PF","6-11",200,"February 5, 1995","us","1","Syracuse University"
"63",10,"5","Markieff Morris","PF","6-10",245,"September 2, 1989","us","5","University of Kansas"
"64",11,"44","Andrew Nicholson","PF","6-9",250,"December 8, 1989","ca","4","St. Bonaventure University"
"65",12,"32","Daniel Ochefu","C","6-11",245,"December 15, 1993","us","R","Villanova University"
"66",13,"12","Kelly Oubre","SF","6-7",205,"December 9, 1995","us","1","University of Kansas"
"67",14,"22","Otto Porter","SF","6-8",198,"June 3, 1993","us","3","Georgetown University"
"68",15,"31","Tomas Satoransky","SG","6-7",210,"October 30, 1991","cz","R",""
"69",16,"14","Jason Smith","C","7-0",240,"March 2, 1986","us","8","Colorado State University"
"70",17,"15","Marcus Thornton","SG","6-4",205,"June 5, 1987","us","7","Louisiana State University"
"71",18,"2","John Wall","PG","6-4",210,"September 6, 1990","us","6","University of Kentucky"
"72",1,"24","Kent Bazemore","SF","6-5",201,"July 1, 1989","us","4","Old Dominion University"
"73",2,"95","DeAndre' Bembry","SF","6-6",210,"July 4, 1994","us","R","Saint Joseph's University"
"74",3,"13","Jose Calderon","PG","6-3",200,"September 28, 1981","es","11",""
"75",4,"5","Malcolm Delaney","PG","6-3",190,"March 11, 1989","us","R","Virginia Polytechnic Institute and State University"
"76",5,"34","Mike Dunleavy","SF","6-9",230,"September 15, 1980","us","14","Duke University"
"77",6,"10","Tim Hardaway","SG","6-6",205,"March 16, 1992","us","3","University of Michigan"
"78",7,"8","Dwight Howard","C","6-11",265,"December 8, 1985","us","12",""
"79",8,"43","Kris Humphries","PF","6-9",235,"February 6, 1985","us","12","University of Minnesota"
"80",9,"7","Ersan Ilyasova","PF","6-10",235,"May 15, 1987","tr","8",""
"81",10,"30","Ryan Kelly","PF","6-11",230,"April 9, 1991","us","3","Duke University"
"82",11,"26","Kyle Korver","SG","6-7",212,"March 17, 1981","us","13","Creighton University"
"83",12,"4","Paul Millsap","PF","6-8",246,"February 10, 1985","us","10","Louisiana Tech University"
"84",13,"31","Mike Muscala","C","6-11",240,"July 1, 1991","us","3","Bucknell University"
"85",14,"14","Gary Neal","SG","6-4",210,"October 3, 1984","us","6","La Salle University, Towson University"
"86",15,"13","Lamar Patterson","SG","6-5",225,"August 12, 1991","us","1","University of Pittsburgh"
"87",16,"17","Dennis Schroder","PG","6-1",172,"September 15, 1993","de","3",""
"88",17,"32","Mike Scott","PF","6-8",237,"July 16, 1988","us","4","University of Virginia"
"89",18,"25","Thabo Sefolosha","SF","6-7",220,"May 2, 1984","ch","10",""
"90",19,"22","Edy Tavares","C","7-3",260,"March 22, 1992","cv","1",""
"91",20,"12","Taurean Waller-Prince","SF","6-8",220,"March 22, 1994","us","R","Baylor University"
"92",1,"34","Giannis Antetokounmpo","SF","6-11",242,"December 6, 1994","gr","3",""
"93",2,"9","Michael Beasley","PF","6-9",235,"January 9, 1989","us","8","Kansas State University"
"94",3,"13","Malcolm Brogdon","SG","6-5",229,"December 11, 1992","us","R","University of Virginia"
"95",4,"8","Matthew Dellavedova","PG","6-4",200,"September 8, 1990","au","3","Saint Mary's College of California"
"96",5,"0","Spencer Hawes","PF","7-1",245,"April 28, 1988","us","9","University of Washington"
"97",6,"31","John Henson","C","6-11",219,"December 28, 1990","us","4","University of North Carolina"
"98",7,"6","Terrence Jones","PF","6-9",252,"January 9, 1992","us","4","University of Kentucky"
"99",8,"7","Thon Maker","C","7-1",221,"February 25, 1997","ss","R",""
"100",9,"22","Khris Middleton","SF","6-8",222,"August 12, 1991","us","4","Texas A&M University"
"101",10,"15","Greg Monroe","C","6-11",265,"June 4, 1990","us","6","Georgetown University"
"102",11,"6","Steve Novak","PF","6-10",225,"June 13, 1983","us","10","Marquette University"
"103",12,"12","Jabari Parker","PF","6-8",245,"March 15, 1995","us","2","Duke University"
"104",13,"0","Gary Payton","PG","6-3",190,"December 1, 1992","us","R","Oregon State University"
"105",14,"18","Miles Plumlee","C","6-11",249,"September 1, 1988","us","4","Duke University"
"106",15,"21","Tony Snell","SG","6-7",213,"November 10, 1991","us","3","University of New Mexico"
"107",16,"35","Mirza Teletovic","PF","6-9",242,"September 18, 1985","ba","4",""
"108",17,"3","Jason Terry","SG","6-2",185,"September 15, 1977","us","17","University of Arizona"
"109",18,"6","Axel Toupane","SF","6-7",197,"July 23, 1992","fr","1",""
"110",19,"20","Rashad Vaughn","SG","6-6",202,"August 16, 1996","us","1","University of Nevada, Las Vegas"
"111",1,"5","Lavoy Allen","PF","6-9",260,"February 4, 1989","us","5","Temple University"
"112",2,"0","Aaron Brooks","PG","6-0",161,"January 14, 1985","us","8","University of Oregon"
"113",3,"25","Rakeem Christmas","PF","6-9",250,"December 1, 1991","us","1","Syracuse University"
"114",4,"11","Monta Ellis","SG","6-3",185,"October 26, 1985","us","11",""
"115",5,"13","Paul George","SF","6-9",220,"May 2, 1990","us","6","California State University, Fresno"
"116",6,"7","Al Jefferson","C","6-10",289,"January 4, 1985","us","12",""
"117",7,"0","C.J. Miles","SF","6-6",220,"March 18, 1987","us","11",""
"118",8,"32","Georges Niang","PF","6-8",230,"June 17, 1993","us","R","Iowa State University"
"119",9,"40","Glenn Robinson","SF","6-6",222,"January 8, 1994","us","2","University of Michigan"
"120",10,"1","Kevin Seraphin","PF","6-9",285,"December 7, 1989","gf","6",""
"121",11,"6","Lance Stephenson","SG","6-6",230,"September 5, 1990","us","6","University of Cincinnati"
"122",12,"2","Rodney Stuckey","PG","6-5",210,"April 21, 1986","us","9","Eastern Washington University"
"123",13,"44","Jeff Teague","PG","6-2",195,"June 10, 1988","us","7","Wake Forest University"
"124",14,"33","Myles Turner","C","6-11",250,"March 24, 1996","us","1","University of Texas at Austin"
"125",15,"3","Joe Young","PG","6-2",180,"June 27, 1992","us","1","University of Houston, University of Oregon"
"126",16,"21","Thaddeus Young","PF","6-8",221,"June 21, 1988","us","9","Georgia Institute of Technology"
"127",1,"21","Jimmy Butler","SF","6-8",232,"September 14, 1989","us","5","Marquette University"
"128",2,"0","Isaiah Canaan","SG","6-0",201,"May 21, 1991","us","3","Murray State University"
"129",3,"7","Michael Carter-Williams","PG","6-6",190,"October 10, 1991","us","3","Syracuse University"
"130",4,"6","Cristiano Felicio","C","6-10",265,"July 7, 1992","br","1",""
"131",5,"22","Taj Gibson","PF","6-9",232,"June 24, 1985","us","7","University of Southern California"
"132",6,"2","Jerian Grant","PG","6-4",205,"October 9, 1992","us","1","University of Notre Dame"
"133",7,"31","R.J. Hunter","SG","6-5",185,"October 24, 1993","us","1","Georgia State University"
"134",8,"77","Joffrey Lauvergne","C","6-11",220,"September 30, 1991","fr","2",""
"135",9,"8","Robin Lopez","C","7-0",275,"April 1, 1988","us","8","Stanford University"
"136",10,"11","Doug McDermott","SF","6-8",225,"January 3, 1992","us","2","Creighton University"
"137",11,"44","Nikola Mirotic","PF","6-10",250,"February 11, 1991","me","2",""
"138",12,"11","Anthony Morrow","SG","6-5",210,"September 27, 1985","us","8","Georgia Institute of Technology"
"139",13,"22","Cameron Payne","PG","6-3",190,"August 8, 1994","us","1","Murray State University"
"140",14,"5","Bobby Portis","PF","6-11",250,"February 10, 1995","us","1","University of Arkansas"
"141",15,"9","Rajon Rondo","PG","6-1",186,"February 22, 1986","us","10","University of Kentucky"
"142",16,"45","Denzel Valentine","SG","6-6",210,"November 16, 1993","us","R","Michigan State University"
"143",17,"3","Dwyane Wade","SG","6-4",220,"January 17, 1982","us","13","Marquette University"
"144",18,"16","Paul Zipser","SF","6-8",215,"February 18, 1994","de","R",""
"145",1,"5","Luke Babbitt","SF","6-9",225,"June 20, 1989","us","6","University of Nevada, Reno"
"146",2,"7","Goran Dragic","PG","6-3",190,"May 6, 1986","si","8",""
"147",3,"2","Wayne Ellington","SG","6-5",200,"November 29, 1987","us","7","University of North Carolina"
"148",4,"40","Udonis Haslem","C","6-8",235,"June 9, 1980","us","13","University of Florida"
"149",5,"16","James Johnson","PF","6-8",240,"February 20, 1987","us","7","Wake Forest University"
"150",6,"8","Tyler Johnson","PG","6-4",190,"May 7, 1992","us","2","California State University, Fresno"
"151",7,"17","Rodney McGruder","SG","6-4",200,"July 29, 1991","us","R","Kansas State University"
"152",8,"4","Josh McRoberts","PF","6-10",240,"February 28, 1987","us","9","Duke University"
"153",9,"35","Willie Reed","C","6-10",220,"May 16, 1990","us","1","Saint Louis University"
"154",10,"0","Josh Richardson","SG","6-6",200,"September 15, 1993","us","1","University of Tennessee"
"155",11,"11","Dion Waiters","SG","6-4",215,"December 10, 1991","us","4","Syracuse University"
"156",12,"15","Okaro White","PF","6-8",205,"August 13, 1992","us","R","Florida State University"
"157",13,"21","Hassan Whiteside","C","7-0",265,"June 13, 1989","us","4","Marshall University"
"158",14,"22","Derrick Williams","PF","6-8",240,"May 25, 1991","us","5","University of Arizona"
"159",15,"20","Justise Winslow","SF","6-7",225,"March 26, 1996","us","1","Duke University"
"160",1,"12","Aron Baynes","C","6-10",260,"December 9, 1986","nz","4","Washington State University"
"161",2,"25","Reggie Bullock","SF","6-7",205,"March 16, 1991","us","3","University of North Carolina"
"162",3,"5","Kentavious Caldwell-Pope","SG","6-5",205,"February 18, 1993","us","3","University of Georgia"
"163",4,"0","Andre Drummond","C","6-11",279,"August 10, 1993","us","4","University of Connecticut"
"164",5,"8","Henry Ellenson","PF","6-11",245,"January 13, 1997","us","R","Marquette University"
"165",6,"9","Michael Gbinije","SG","6-7",200,"June 5, 1992","us","R","Duke University, Syracuse University"
"166",7,"34","Tobias Harris","PF","6-9",235,"July 15, 1992","us","5","University of Tennessee"
"167",8,"6","Darrun Hilliard","SG","6-6",205,"April 13, 1993","us","1","Villanova University"
"168",9,"1","Reggie Jackson","PG","6-3",208,"April 16, 1990","it","5","Boston College"
"169",10,"7","Stanley Johnson","SF","6-7",245,"May 29, 1996","us","1","University of Arizona"
"170",11,"30","Jon Leuer","PF","6-10",228,"May 14, 1989","us","5","University of Wisconsin"
"171",12,"51","Boban Marjanovic","C","7-3",290,"August 15, 1988","rs","1",""
"172",13,"13","Marcus Morris","SF","6-9",235,"September 2, 1989","us","5","University of Kansas"
"173",14,"14","Ish Smith","PG","6-0",175,"July 5, 1988","us","6","Wake Forest University"
"174",15,"19","Beno Udrih","PG","6-3",205,"July 5, 1982","si","12",""
"175",1,"5","Nicolas Batum","SG","6-8",200,"December 14, 1988","fr","8",""
"176",2,"21","Marco Belinelli","SG","6-5",210,"March 25, 1986","it","9",""
"177",3,"12","Treveon Graham","SG","6-5",225,"October 28, 1993","us","R","Virginia Commonwealth University"
"178",4,"9","Aaron Harrison","SG","6-6",210,"October 28, 1994","us","1","University of Kentucky"
"179",5,"0","Spencer Hawes","PF","7-1",245,"April 28, 1988","us","9","University of Washington"
"180",6,"55","Roy Hibbert","C","7-2",270,"December 11, 1986","us","8","Georgetown University"
"181",7,"44","Frank Kaminsky","C","7-0",242,"April 4, 1993","us","1","University of Wisconsin"
"182",8,"14","Michael Kidd-Gilchrist","SF","6-7",232,"September 26, 1993","us","4","University of Kentucky"
"183",9,"3","Jeremy Lamb","SG","6-5",185,"May 30, 1992","us","4","University of Connecticut"
"184",10,"8","Johnny O'Bryant","PF","6-9",257,"June 1, 1993","us","2","Louisiana State University"
"185",11,"18","Miles Plumlee","C","6-11",249,"September 1, 1988","us","4","Duke University"
"186",12,"22","Brian Roberts","PG","6-1",173,"December 3, 1985","us","4","University of Dayton"
"187",13,"7","Ramon Sessions","PG","6-3",190,"April 11, 1986","us","9","University of Nevada, Reno"
"188",14,"10","Mike Tobey","C","7-0",260,"October 10, 1994","us","R","University of Virginia"
"189",15,"15","Kemba Walker","PG","6-1",184,"May 8, 1990","us","5","University of Connecticut"
"190",16,"0","Briante Weber","PG","6-2",165,"December 29, 1992","us","1","Virginia Commonwealth University"
"191",17,"2","Marvin Williams","PF","6-9",237,"June 19, 1986","us","11","University of North Carolina"
"192",18,"35","Christian Wood","PF","6-10",214,"September 27, 1995","us","1","University of Nevada, Las Vegas"
"193",19,"40","Cody Zeller","C","7-0",240,"October 5, 1992","us","3","Indiana University"
"194",1,"7","Carmelo Anthony","SF","6-8",240,"May 29, 1984","us","13","Syracuse University"
"195",2,"31","Ron Baker","SG","6-4",220,"March 30, 1993","us","R","Wichita State University"
"196",3,"14","Willy Hernangomez","C","6-11",240,"May 27, 1994","es","R",""
"197",4,"8","Justin Holiday","SG","6-6",181,"April 5, 1989","us","3","University of Washington"
"198",5,"3","Brandon Jennings","PG","6-1",170,"September 23, 1989","us","7",""
"199",6,"91","Mindaugas Kuzminskas","SF","6-9",215,"October 19, 1989","lt","R",""
"200",7,"5","Courtney Lee","SG","6-5",215,"October 3, 1985","us","8","Western Kentucky University"
"201",8,"2","Maurice Ndour","PF","6-9",200,"June 18, 1992","sn","R","Ohio University"
"202",9,"13","Joakim Noah","C","6-11",230,"February 25, 1985","us","9","University of Florida"
"203",10,"9","Kyle O'Quinn","C","6-10",250,"March 26, 1990","us","4","Norfolk State University"
"204",11,"40","Marshall Plumlee","C","7-0",250,"July 14, 1992","us","R","Duke University"
"205",12,"6","Kristaps Porzingis","PF","7-3",240,"August 2, 1995","lv","1",""
"206",13,"4","Chasson Randle","PG","6-2",185,"February 5, 1993","us","R","Stanford University"
"207",14,"25","Derrick Rose","PG","6-3",200,"October 4, 1988","us","7","University of Memphis"
"208",15,"42","Lance Thomas","PF","6-8",240,"April 24, 1988","us","5","Duke University"
"209",16,"18","Sasha Vujacic","SG","6-7",195,"March 8, 1984","si","9",""
"210",1,"14","D.J. Augustin","PG","6-0",183,"November 10, 1987","us","8","University of Texas at Austin"
"211",2,"11","Bismack Biyombo","C","6-9",255,"August 28, 1992","cd","5",""
"212",3,"21","Anthony Brown","SF","6-7",210,"October 10, 1992","us","1","Stanford University"
"213",4,"10","Evan Fournier","SG","6-7",205,"October 29, 1992","fr","4",""
"214",5,"29","Patricio Garino","SG","6-6",210,"May 17, 1993","ar","R","George Washington University"
"215",6,"13","Marcus Georges-Hunt","SG","6-5",216,"March 28, 1994","us","R","Georgia Institute of Technology"
"216",7,"0","Aaron Gordon","SF","6-9",220,"September 16, 1995","us","2","University of Arizona"
"217",8,"34","Jeff Green","PF","6-9",235,"August 28, 1986","us","8","Georgetown University"
"218",9,"8","Mario Hezonja","SF","6-8",225,"February 25, 1995","hr","1",""
"219",10,"7","Serge Ibaka","PF","6-10",235,"September 18, 1989","cg","7",""
"220",11,"20","Jodie Meeks","SG","6-4",210,"August 21, 1987","us","7","University of Kentucky"
"221",12,"21","Arinze Onuaku","C","6-9",255,"July 13, 1987","us","2","Syracuse University"
"222",13,"4","Elfrid Payton","PG","6-4",185,"February 22, 1994","us","2","University of Louisiana at Lafayette"
"223",14,"31","Terrence Ross","SF","6-7",206,"February 5, 1991","us","4","University of Washington"
"224",15,"3","Damjan Rudez","SF","6-10",228,"June 17, 1986","hr","2",""
"225",16,"9","Nikola Vucevic","C","7-0",260,"October 24, 1990","ch","5","University of Southern California"
"226",17,"32","C.J. Watson","PG","6-2",175,"April 17, 1984","us","9","University of Tennessee"
"227",18,"23","C.J. Wilcox","SG","6-5",195,"December 30, 1990","us","2","University of Washington"
"228",19,"33","Stephen Zimmerman","C","7-0",240,"September 9, 1996","us","R","University of Nevada, Las Vegas"
"229",1,"23","Justin Anderson","SF","6-6",230,"November 19, 1993","us","1","University of Virginia"
"230",2,"0","Jerryd Bayless","PG","6-3",200,"August 20, 1988","us","8","University of Arizona"
"231",3,"33","Robert Covington","SF","6-9",225,"December 14, 1990","us","3","Tennessee State University"
"232",4,"21","Joel Embiid","C","7-0",250,"March 16, 1994","cm","R","University of Kansas"
"233",5,"39","Jerami Grant","PF","6-9",220,"March 12, 1994","us","2","Syracuse University"
"234",6,"30","Justin Harper","PF","6-10",225,"August 30, 1989","us","2","University of Richmond"
"235",7,"12","Gerald Henderson","SG","6-5",215,"December 9, 1987","us","7","Duke University"
"236",8,"22","Richaun Holmes","C","6-10",235,"October 15, 1993","us","1","Bowling Green State University"
"237",9,"7","Ersan Ilyasova","PF","6-10",235,"May 15, 1987","tr","8",""
"238",10,"36","Shawn Long","C","6-9",255,"January 29, 1993","us","R","University of Louisiana at Lafayette"
"239",11,"20","Timothe Luwawu-Cabarrot","SF","6-6",210,"May 9, 1995","fr","R",""
"240",12,"1","T.J. McConnell","PG","6-2",190,"March 25, 1992","us","1","Duquesne University, University of Arizona"
"241",13,"4","Nerlens Noel","C","6-11",220,"April 10, 1994","us","2","University of Kentucky"
"242",14,"8","Jahlil Okafor","C","6-11",275,"December 15, 1995","us","1","Duke University"
"243",15,"5","Alex Poythress","PF","6-9",235,"September 6, 1993","us","R","University of Kentucky"
"244",16,"5","Chasson Randle","PG","6-2",185,"February 5, 1993","us","R","Stanford University"
"245",17,"14","Sergio Rodriguez","PG","6-3",176,"June 12, 1986","es","4",""
"246",18,"9","Dario Saric","PF","6-10",223,"April 8, 1994","hr","R",""
"247",19,"47","Tiago Splitter","C","6-11",245,"January 1, 1985","br","6",""
"248",20,"11","Nik Stauskas","SG","6-6",205,"October 7, 1993","ca","2","University of Michigan"
"249",21,"31","Hollis Thompson","SG","6-8",206,"April 3, 1991","us","3","Georgetown University"
"250",1,"13","Quincy Acy","PF","6-7",240,"October 6, 1990","us","4","Baylor University"
"251",2,"13","Anthony Bennett","PF","6-8",245,"March 14, 1993","ca","3","University of Nevada, Las Vegas"
"252",3,"44","Bojan Bogdanovic","SF","6-8",216,"April 18, 1989","ba","2",""
"253",4,"35","Trevor Booker","PF","6-8",228,"November 25, 1987","us","6","Clemson University"
"254",5,"8","Spencer Dinwiddie","PG","6-6",210,"April 6, 1993","us","2","University of Colorado"
"255",6,"10","Yogi Ferrell","PG","6-0",180,"May 9, 1993","us","R","Indiana University"
"256",7,"2","Randy Foye","SG","6-4",213,"September 24, 1983","us","10","Villanova University"
"257",8,"10","Archie Goodwin","SG","6-5",200,"August 17, 1994","us","3","University of Kentucky"
"258",9,"41","Justin Hamilton","C","7-0",260,"April 1, 1990","us","2","Iowa State University, Louisiana State University"
"259",10,"12","Joe Harris","SG","6-6",218,"September 6, 1991","us","2","University of Virginia"
"260",11,"24","Rondae Hollis-Jefferson","SF","6-7",217,"January 3, 1995","us","1","University of Arizona"
"261",12,"6","Sean Kilpatrick","SG","6-4",210,"January 6, 1990","us","2","University of Cincinnati"
"262",13,"22","Caris LeVert","SF","6-7",204,"August 25, 1994","us","R","University of Michigan"
"263",14,"7","Jeremy Lin","PG","6-3",200,"August 23, 1988","us","6","Harvard University"
"264",15,"11","Brook Lopez","C","7-0",270,"April 1, 1988","us","8","Stanford University"
"265",16,"1","Chris McCullough","PF","6-11",200,"February 5, 1995","us","1","Syracuse University"
"266",17,"14","K.J. McDaniels","SF","6-6",205,"February 9, 1993","us","2","Clemson University"
"267",18,"44","Andrew Nicholson","PF","6-9",250,"December 8, 1989","ca","4","St. Bonaventure University"
"268",19,"4","Luis Scola","PF","6-9",240,"April 30, 1980","ar","9",""
"269",20,"21","Greivis Vasquez","PG","6-6",217,"January 16, 1987","ve","6","University of Maryland"
"270",21,"15","Isaiah Whitehead","PG","6-4",213,"March 8, 1995","us","R","Seton Hall University"
"271",1,"22","Matt Barnes","SF","6-7",226,"March 9, 1980","us","13","University of California, Los Angeles"
"272",2,"21","Ian Clark","SG","6-3",175,"March 7, 1991","us","3","Belmont University"
"273",3,"30","Stephen Curry","PG","6-3",190,"March 14, 1988","us","7","Davidson College"
"274",4,"35","Kevin Durant","PF","6-9",240,"September 29, 1988","us","9","University of Texas at Austin"
"275",5,"23","Draymond Green","PF","6-7",230,"March 4, 1990","us","4","Michigan State University"
"276",6,"9","Andre Iguodala","SF","6-6",215,"January 28, 1984","us","12","University of Arizona"
"277",7,"15","Damian Jones","C","7-0",245,"June 30, 1995","us","R","Vanderbilt University"
"278",8,"34","Shaun Livingston","PG","6-7",192,"September 11, 1985","us","11",""
"279",9,"5","Kevon Looney","C","6-9",220,"February 6, 1996","us","1","University of California, Los Angeles"
"280",10,"20","James Michael McAdoo","PF","6-9",230,"January 4, 1993","us","2","University of North Carolina"
"281",11,"0","Patrick McCaw","SG","6-7",185,"October 25, 1995","us","R","University of Nevada, Las Vegas"
"282",12,"1","JaVale McGee","C","7-0",270,"January 19, 1988","us","8","University of Nevada, Reno"
"283",13,"27","Zaza Pachulia","C","6-11",270,"February 10, 1984","ge","13",""
"284",14,"11","Klay Thompson","SG","6-7",215,"February 8, 1990","us","5","Washington State University"
"285",15,"18","Anderson Varejao","C","6-10",273,"September 28, 1982","br","12",""
"286",16,"2","Briante Weber","PG","6-2",165,"December 29, 1992","us","1","Virginia Commonwealth University"
"287",17,"3","David West","C","6-9",250,"August 29, 1980","us","13","Xavier University"
"288",1,"12","LaMarcus Aldridge","PF","6-11",260,"July 19, 1985","us","10","University of Texas at Austin"
"289",2,"1","Kyle Anderson","SF","6-9",230,"September 20, 1993","us","2","University of California, Los Angeles"
"290",3,"30","Joel Anthony","C","6-9",245,"August 9, 1982","ca","9","University of Nevada, Las Vegas"
"291",4,"42","Davis Bertans","PF","6-10",225,"November 12, 1992","lv","R",""
"292",5,"3","Dewayne Dedmon","C","7-0",245,"August 12, 1989","us","3","University of Southern California"
"293",6,"11","Bryn Forbes","SG","6-3",190,"July 23, 1993","us","R","Michigan State University"
"294",7,"16","Pau Gasol","C","7-0",250,"July 6, 1980","es","15",""
"295",8,"20","Manu Ginobili","SG","6-6",205,"July 28, 1977","ar","14",""
"296",9,"14","Danny Green","SG","6-6",215,"June 22, 1987","us","7","University of North Carolina"
"297",10,"27","Nicolas Laprovittola","PG","6-4",180,"January 31, 1990","ar","R",""
"298",11,"10","David Lee","PF","6-9",245,"April 29, 1983","us","11","University of Florida"
"299",12,"2","Kawhi Leonard","SF","6-7",230,"June 29, 1991","us","5","San Diego State University"
"300",13,"8","Patty Mills","PG","6-0",180,"August 11, 1988","au","7","Saint Mary's College of California"
"301",14,"5","Dejounte Murray","PG","6-5",170,"September 19, 1996","us","R","University of Washington"
"302",15,"9","Tony Parker","PG","6-2",185,"May 17, 1982","be","15",""
"303",16,"17","Jonathon Simmons","SG","6-6",195,"September 14, 1989","us","1","University of Houston"
"304",1,"3","Ryan Anderson","PF","6-10",240,"May 6, 1988","us","8","University of California"
"305",2,"1","Trevor Ariza","SF","6-8",215,"June 30, 1985","us","12","University of California, Los Angeles"
"306",3,"2","Patrick Beverley","SG","6-1",185,"July 12, 1988","us","4","University of Arkansas"
"307",4,"33","Corey Brewer","SF","6-9",186,"March 5, 1986","us","9","University of Florida"
"308",5,"8","Bobby Brown","PG","6-2",175,"September 24, 1984","us","2","California State University, Fullerton"
"309",6,"15","Clint Capela","C","6-10",240,"May 18, 1994","ch","2",""
"310",7,"7","Sam Dekker","PF","6-9",230,"May 6, 1994","us","1","University of Wisconsin"
"311",8,"6","Tyler Ennis","PG","6-3",194,"August 24, 1994","ca","2","Syracuse University"
"312",9,"10","Eric Gordon","SG","6-4",215,"December 25, 1988","us","8","Indiana University"
"313",10,"13","James Harden","PG","6-5",220,"August 26, 1989","us","7","Arizona State University"
"314",11,"5","Montrezl Harrell","C","6-8",240,"January 26, 1994","us","1","University of Louisville"
"315",12,"42","Nene Hilario","C","6-11",250,"September 13, 1982","br","14",""
"316",13,"32","K.J. McDaniels","SF","6-6",205,"February 9, 1993","us","2","Clemson University"
"317",14,"21","Chinanu Onuaku","C","6-10",245,"November 1, 1996","us","R","University of Louisville"
"318",15,"17","Isaiah Taylor","PG","6-3",170,"July 11, 1994","us","R","University of Texas at Austin"
"319",16,"12","Lou Williams","SG","6-1",175,"October 27, 1986","us","11",""
"320",17,"14","Troy Williams","SF","6-7",218,"December 30, 1994","us","R","Indiana University"
"321",18,"30","Kyle Wiltjer","PF","6-10",240,"October 20, 1992","us","R","Gonzaga University"
"322",1,"9","Alan Anderson","SF","6-6",220,"October 16, 1982","us","7","Michigan State University"
"323",2,"30","Brandon Bass","PF","6-8",250,"April 30, 1985","us","11","Louisiana State University"
"324",3,"11","Jamal Crawford","SG","6-5",185,"March 20, 1980","us","16","University of Michigan"
"325",4,"2","Raymond Felton","PG","6-1",205,"June 26, 1984","us","11","University of North Carolina"
"326",5,"32","Blake Griffin","PF","6-10",250,"March 16, 1989","us","6","University of Oklahoma"
"327",6,"10","Brice Johnson","PF","6-10",230,"June 27, 1994","us","R","University of North Carolina"
"328",7,"33","Wesley Johnson","SF","6-7",215,"July 11, 1987","us","6","Iowa State University, Syracuse University"
"329",8,"6","DeAndre Jordan","C","6-11",265,"July 21, 1988","us","8","Texas A&M University"
"330",9,"12","Luc Mbah a Moute","SF","6-8",230,"September 9, 1986","cm","8","University of California, Los Angeles"
"331",10,"3","Chris Paul","PG","6-0",175,"May 6, 1985","us","11","Wake Forest University"
"332",11,"34","Paul Pierce","SF","6-7",235,"October 13, 1977","us","18","University of Kansas"
"333",12,"4","J.J. Redick","SG","6-4",200,"June 24, 1984","us","10","Duke University"
"334",13,"25","Austin Rivers","SG","6-4",200,"August 1, 1992","us","4","Duke University"
"335",14,"5","Marreese Speights","C","6-10",255,"August 4, 1987","us","8","University of Florida"
"336",15,"0","Diamond Stone","C","6-11",255,"February 10, 1997","us","R","University of Maryland"
"337",1,"21","Joel Bolomboy","PF","6-9",235,"January 28, 1994","ua","R","Weber State University"
"338",2,"10","Alec Burks","SG","6-6",214,"July 20, 1991","us","5","University of Colorado"
"339",3,"33","Boris Diaw","PF","6-8",250,"April 16, 1982","fr","13",""
"340",4,"11","Dante Exum","PG","6-6",190,"July 13, 1995","au","1",""
"341",5,"15","Derrick Favors","PF","6-10",265,"July 15, 1991","us","6","Georgia Institute of Technology"
"342",6,"27","Rudy Gobert","C","7-1",245,"June 26, 1992","fr","3",""
"343",7,"20","Gordon Hayward","SF","6-8",225,"March 23, 1990","us","6","Butler University"
"344",8,"3","George Hill","PG","6-3",188,"May 4, 1986","us","8","Indiana University-Purdue University Indianapolis"
"345",9,"5","Rodney Hood","SG","6-8",206,"October 20, 1992","us","2","Mississippi State University, Duke University"
"346",10,"2","Joe Ingles","SF","6-8",226,"October 2, 1987","au","2",""
"347",11,"6","Joe Johnson","SF","6-7",240,"June 29, 1981","us","15","University of Arkansas"
"348",12,"41","Trey Lyles","PF","6-10",234,"November 5, 1995","ca","1","University of Kentucky"
"349",13,"8","Shelvin Mack","PG","6-3",203,"April 22, 1990","us","5","Butler University"
"350",14,"25","Raul Neto","PG","6-1",179,"May 19, 1992","br","1",""
"351",15,"24","Jeff Withey","C","7-0",231,"March 7, 1990","us","3","University of Kansas"
"352",1,"8","Alex Abrines","SG","6-6",200,"August 1, 1993","es","R",""
"353",2,"12","Steven Adams","C","7-0",265,"July 20, 1993","nz","3","University of Pittsburgh"
"354",3,"6","Semaj Christon","PG","6-3",190,"November 1, 1992","us","R","Xavier University"
"355",4,"30","Norris Cole","PG","6-2",175,"October 13, 1988","us","5","Cleveland State University"
"356",5,"4","Nick Collison","PF","6-10",255,"October 26, 1980","us","12","University of Kansas"
"357",6,"22","Taj Gibson","PF","6-9",232,"June 24, 1985","us","7","University of Southern California"
"358",7,"9","Jerami Grant","PF","6-9",220,"March 12, 1994","us","2","Syracuse University"
"359",8,"34","Josh Huestis","PF","6-7",230,"December 19, 1991","us","1","Stanford University"
"360",9,"7","Ersan Ilyasova","PF","6-10",235,"May 15, 1987","tr","8",""
"361",10,"11","Enes Kanter","C","6-11",250,"May 20, 1992","ch","5",""
"362",11,"77","Joffrey Lauvergne","PF","6-11",220,"September 30, 1991","fr","2",""
"363",12,"25","Doug McDermott","SF","6-8",225,"January 3, 1992","us","2","Creighton University"
"364",13,"2","Anthony Morrow","SG","6-5",210,"September 27, 1985","us","8","Georgia Institute of Technology"
"365",14,"5","Victor Oladipo","SG","6-4",210,"May 4, 1992","us","3","Indiana University"
"366",15,"22","Cameron Payne","PG","6-3",190,"August 8, 1994","us","1","Murray State University"
"367",16,"21","Andre Roberson","SF","6-7",210,"December 4, 1991","us","3","University of Colorado"
"368",17,"3","Domantas Sabonis","PF","6-11",240,"May 3, 1996","us","R","Gonzaga University"
"369",18,"15","Kyle Singler","SF","6-8",228,"May 4, 1988","us","4","Duke University"
"370",19,"0","Russell Westbrook","PG","6-3",200,"November 12, 1988","us","8","University of California, Los Angeles"
"371",1,"9","Tony Allen","SG","6-4",213,"January 11, 1982","us","12","Butler County Community College, Oklahoma State University"
"372",2,"4","Wade Baldwin","PG","6-4",200,"March 29, 1996","us","R","Vanderbilt University"
"373",3,"15","Vince Carter","SF","6-6",220,"January 26, 1977","us","18","University of North Carolina"
"374",4,"11","Mike Conley","PG","6-1",175,"October 11, 1987","us","9","Ohio State University"
"375",5,"30","Troy Daniels","SG","6-4",205,"July 15, 1991","us","3","Virginia Commonwealth University"
"376",6,"23","Deyonta Davis","C","6-11",237,"December 2, 1996","us","R","Michigan State University"
"377",7,"16","Toney Douglas","PG","6-2",195,"March 16, 1986","us","7","Auburn University, Florida State University"
"378",8,"8","James Ennis","SF","6-7",210,"July 1, 1990","us","2","California State University, Long Beach"
"379",9,"33","Marc Gasol","C","7-1",255,"January 29, 1985","es","8",""
"380",10,"0","JaMychal Green","PF","6-9",227,"June 21, 1990","us","2","University of Alabama"
"381",11,"5","Andrew Harrison","PG","6-6",213,"October 28, 1994","us","R","University of Kentucky"
"382",12,"1","Jarell Martin","PF","6-10",239,"May 24, 1994","us","1","Louisiana State University"
"383",13,"25","Chandler Parsons","SF","6-10",230,"October 25, 1988","us","5","University of Florida"
"384",14,"50","Zach Randolph","PF","6-9",250,"July 16, 1981","us","15","Michigan State University"
"385",15,"7","Wayne Selden","SG","6-5",230,"September 30, 1994","us","R","University of Kansas"
"386",16,"10","Troy Williams","SF","6-7",218,"December 30, 1994","us","R","Indiana University"
"387",17,"34","Brandan Wright","PF","6-10",210,"October 5, 1987","us","8","University of North Carolina"
"388",1,"8","Al-Farouq Aminu","PF","6-9",220,"September 21, 1990","us","6","Wake Forest University"
"389",2,"5","Pat Connaughton","SG","6-4",209,"January 6, 1993","us","1","University of Notre Dame"
"390",3,"23","Allen Crabbe","SG","6-6",212,"April 9, 1992","us","3","University of California"
"391",4,"17","Ed Davis","PF","6-10",225,"June 5, 1989","us","6","University of North Carolina"
"392",5,"4","Maurice Harkless","SF","6-9",220,"May 11, 1993","us","4","St. John's University"
"393",6,"10","Jake Layman","SF","6-9",215,"March 7, 1994","us","R","University of Maryland"
"394",7,"11","Meyers Leonard","PF","7-1",255,"February 27, 1992","us","4","University of Illinois at Urbana-Champaign"
"395",8,"0","Damian Lillard","PG","6-3",195,"July 15, 1990","us","4","Weber State University"
"396",9,"3","CJ McCollum","SG","6-3",190,"September 19, 1991","us","3","Lehigh University"
"397",10,"6","Shabazz Napier","PG","6-1",180,"July 14, 1991","us","2","University of Connecticut"
"398",11,"27","Jusuf Nurkic","C","7-0",275,"August 23, 1994","ba","2",""
"399",12,"24","Mason Plumlee","C","6-11",235,"March 5, 1990","us","3","Duke University"
"400",13,"55","Tim Quarterman","SG","6-6",195,"October 27, 1994","us","R","Louisiana State University"
"401",14,"1","Evan Turner","SF","6-7",220,"October 27, 1988","us","6","Ohio State University"
"402",15,"21","Noah Vonleh","PF","6-9",250,"August 24, 1995","us","2","Indiana University"
"403",1,"0","Darrell Arthur","PF","6-9",235,"March 25, 1988","us","7","University of Kansas"
"404",2,"5","Will Barton","SG","6-6",190,"January 6, 1991","us","4","University of Memphis"
"405",3,"25","Malik Beasley","SG","6-5",195,"November 26, 1996","us","R","Florida State University"
"406",4,"21","Wilson Chandler","SF","6-9",225,"May 10, 1987","us","8","DePaul University"
"407",5,"35","Kenneth Faried","PF","6-8",220,"November 19, 1989","us","5","Morehead State University"
"408",6,"8","Danilo Gallinari","SF","6-10",225,"August 8, 1988","it","7",""
"409",7,"7","Alonzo Gee","SF","6-6",225,"May 29, 1987","us","7","University of Alabama"
"410",8,"14","Gary Harris","SG","6-4",210,"September 14, 1994","us","2","Michigan State University"
"411",9,"41","Juan Hernangomez","PF","6-9",230,"September 28, 1995","es","R",""
"412",10,"34","Roy Hibbert","C","7-2",270,"December 11, 1986","us","8","Georgetown University"
"413",11,"15","Nikola Jokic","C","7-0",250,"February 19, 1995","rs","1",""
"414",12,"3","Mike Miller","SF","6-8",218,"February 19, 1980","us","16","University of Florida"
"415",13,"0","Emmanuel Mudiay","PG","6-5",200,"March 5, 1996","cd","1",""
"416",14,"27","Jamal Murray","SG","6-4",207,"February 23, 1997","ca","R","University of Kentucky"
"417",15,"1","Jameer Nelson","PG","6-0",190,"February 9, 1982","us","12","Saint Joseph's University"
"418",16,"23","Jusuf Nurkic","C","7-0",275,"August 23, 1994","ba","2",""
"419",17,"9","Johnny O'Bryant","PF","6-9",257,"June 1, 1993","us","2","Louisiana State University"
"420",18,"24","Mason Plumlee","C","6-11",235,"March 5, 1990","us","3","Duke University"
"421",19,"12","Jarnell Stokes","C","6-9",263,"January 7, 1994","us","2","University of Tennessee"
"422",1,"42","Alexis Ajinca","C","7-2",248,"May 6, 1988","fr","6",""
"423",2,"3","Omer Asik","C","7-0",255,"July 4, 1986","tr","6",""
"424",3,"21","Anthony Brown","SF","6-7",210,"October 10, 1992","us","1","Stanford University"
"425",4,"18","Omri Casspi","PF","6-9",225,"June 22, 1988","il","7",""
"426",5,"22","Quinn Cook","PG","6-2",179,"March 23, 1993","us","R","Duke University"
"427",6,"0","DeMarcus Cousins","C","6-11",270,"August 13, 1990","us","6","University of Kentucky"
"428",7,"4","Jordan Crawford","SG","6-4",195,"October 23, 1988","us","4","Indiana University, Xavier University"
"429",8,"33","Dante Cunningham","PF","6-8",230,"April 22, 1987","us","7","Villanova University"
"430",9,"23","Anthony Davis","C","6-10",253,"March 11, 1993","us","4","University of Kentucky"
"431",10,"13","Cheick Diallo","PF","6-9",220,"September 13, 1996","ml","R","University of Kansas"
"432",11,"1","Tyreke Evans","SF","6-6",220,"September 19, 1989","us","7","University of Memphis"
"433",12,"2","Tim Frazier","PG","6-1",170,"November 1, 1990","us","2","Pennsylvania State University"
"434",13,"10","Langston Galloway","PG","6-2",200,"December 9, 1991","us","2","Saint Joseph's University"
"435",14,"8","Archie Goodwin","SG","6-5",200,"August 17, 1994","us","3","University of Kentucky"
"436",15,"24","Buddy Hield","SG","6-4",214,"December 17, 1992","bs","R","University of Oklahoma"
"437",16,"44","Solomon Hill","SF","6-7",225,"March 18, 1991","us","3","University of Arizona"
"438",17,"11","Jrue Holiday","PG","6-4",205,"June 12, 1990","us","7","University of California, Los Angeles"
"439",18,"1","Jarrett Jack","PG","6-3",200,"October 28, 1983","us","11","Georgia Institute of Technology"
"440",19,"9","Terrence Jones","PF","6-9",252,"January 9, 1992","us","4","University of Kentucky"
"441",20,"55","E'Twaun Moore","SG","6-4",191,"February 25, 1989","us","5","Purdue University"
"442",21,"12","Donatas Motiejunas","PF","7-0",222,"September 20, 1990","lt","4",""
"443",22,"25","Wayne Selden","SG","6-5",230,"September 30, 1994","us","R","University of Kansas"
"444",23,"5","Lance Stephenson","SG","6-6",230,"September 5, 1990","us","6","University of Cincinnati"
"445",24,"32","Hollis Thompson","SG","6-8",206,"April 3, 1991","us","3","Georgetown University"
"446",25,"10","Axel Toupane","SF","6-7",197,"July 23, 1992","fr","1",""
"447",26,"5","Reggie Williams","SF","6-6",205,"September 14, 1986","us","6","Virginia Military Institute"
"448",1,"4","Quincy Acy","PF","6-7",240,"October 6, 1990","us","4","Baylor University"
"449",2,"1","Justin Anderson","SF","6-6",230,"November 19, 1993","us","1","University of Virginia"
"450",3,"5","J.J. Barea","PG","6-0",185,"June 26, 1984","pr","10","Northeastern University"
"451",4,"40","Harrison Barnes","PF","6-8",225,"May 30, 1992","us","4","University of North Carolina"
"452",5,"42","Ben Bentil","PF","6-9",235,"March 29, 1995","gh","R","Providence College"
"453",6,"6","Andrew Bogut","C","7-0",260,"November 28, 1984","au","11","University of Utah"
"454",7,"9","Nicolas Brussino","SG","6-7",195,"March 2, 1993","ar","R",""
"455",8,"2","Quinn Cook","PG","6-2",179,"March 23, 1993","us","R","Duke University"
"456",9,"30","Seth Curry","PG","6-2",185,"August 23, 1990","us","3","Liberty University, Duke University"
"457",10,"11","Yogi Ferrell","PG","6-0",180,"May 9, 1993","us","R","Indiana University"
"458",11,"10","Dorian Finney-Smith","PF","6-8",220,"May 4, 1993","us","R","University of Florida"
"459",12,"3","Jonathan Gibson","PG","6-2",185,"November 8, 1987","us","R","New Mexico State University"
"460",13,"20","A.J. Hammons","C","7-0",260,"August 27, 1992","us","R","Purdue University"
"461",14,"34","Devin Harris","PG","6-3",185,"February 27, 1983","us","12","University of Wisconsin"
"462",15,"6","Manny Harris","SG","6-5",185,"September 21, 1989","us","3","University of Michigan"
"463",16,"55","Pierre Jackson","PG","5-10",180,"August 29, 1991","us","R","Baylor University"
"464",17,"14","DeAndre Liggins","SG","6-6",209,"March 31, 1988","us","3","University of Kentucky"
"465",18,"23","Wesley Matthews","SG","6-5",220,"October 14, 1986","us","7","Marquette University"
"466",19,"50","Salah Mejri","C","7-2",235,"June 15, 1986","tn","1",""
"467",20,"3","Nerlens Noel","C","6-11",220,"April 10, 1994","us","2","University of Kentucky"
"468",21,"41","Dirk Nowitzki","PF","7-0",245,"June 19, 1978","de","18",""
"469",22,"7","Dwight Powell","C","6-11",240,"July 20, 1991","ca","2","Stanford University"
"470",23,"19","Jarrod Uthoff","PF","6-9",221,"May 19, 1993","us","R","University of Iowa"
"471",24,"8","Deron Williams","PG","6-3",200,"June 26, 1984","us","11","University of Illinois at Urbana-Champaign"
"472",1,"40","Arron Afflalo","SG","6-5",210,"October 15, 1985","us","9","University of California, Los Angeles"
"473",2,"22","Matt Barnes","SF","6-7",226,"March 9, 1980","us","13","University of California, Los Angeles"
"474",3,"18","Omri Casspi","PF","6-9",225,"June 22, 1988","il","7",""
"475",4,"0","Willie Cauley-Stein","C","7-0",240,"August 18, 1993","us","1","University of Kentucky"
"476",5,"7","Darren Collison","PG","6-0",175,"August 23, 1987","us","7","University of California, Los Angeles"
"477",6,"15","DeMarcus Cousins","C","6-11",270,"August 13, 1990","us","6","University of Kentucky"
"478",7,"32","Tyreke Evans","SF","6-6",220,"September 19, 1989","us","7","University of Memphis"
"479",8,"20","Jordan Farmar","PG","6-2",180,"November 30, 1986","us","9","University of California, Los Angeles"
"480",9,"9","Langston Galloway","PG","6-2",200,"December 9, 1991","us","2","Saint Joseph's University"
"481",10,"8","Rudy Gay","SF","6-8",230,"August 17, 1986","us","10","University of Connecticut"
"482",11,"24","Buddy Hield","SG","6-4",214,"December 17, 1992","bs","R","University of Oklahoma"
"483",12,"41","Kosta Koufos","C","7-0",245,"February 24, 1989","us","8","Ohio State University"
"484",13,"3","Skal Labissiere","PF","6-11",235,"March 18, 1996","ht","R","University of Kentucky"
"485",14,"10","Ty Lawson","PG","5-11",195,"November 3, 1987","us","7","University of North Carolina"
"486",15,"23","Ben McLemore","SG","6-5",201,"February 11, 1993","us","3","University of Kansas"
"487",16,"13","Georgios Papagiannis","C","7-1",240,"July 3, 1997","gr","R",""
"488",17,"5","Malachi Richardson","SG","6-6",205,"January 5, 1996","us","R","Syracuse University"
"489",18,"17","Garrett Temple","SG","6-6",195,"May 8, 1986","us","6","Louisiana State University"
"490",19,"43","Anthony Tolliver","PF","6-8",250,"June 1, 1985","us","8","Creighton University"
"491",1,"45","Cole Aldrich","C","6-11",250,"October 31, 1988","us","6","University of Kansas"
"492",2,"88","Nemanja Bjelica","PF","6-10",234,"May 9, 1988","rs","1",""
"493",3,"18","Omri Casspi","PF","6-9",225,"June 22, 1988","il","7",""
"494",4,"5","Gorgui Dieng","PF","6-11",252,"January 18, 1990","sn","3","University of Louisville"
"495",5,"3","Kris Dunn","PG","6-4",205,"March 18, 1994","us","R","Providence College"
"496",6,"27","Jordan Hill","C","6-10",235,"July 27, 1987","us","7","University of Arizona"
"497",7,"1","Tyus Jones","PG","6-2",196,"May 10, 1996","us","1","Duke University"
"498",8,"8","Zach LaVine","SG","6-5",200,"March 10, 1995","us","2","University of California, Los Angeles"
"499",9,"11","John Lucas III","PG","5-11",166,"November 21, 1982","us","7","Baylor University, Oklahoma State University"
"500",10,"15","Shabazz Muhammad","SF","6-6",223,"November 13, 1992","us","3","University of California, Los Angeles"
"501",11,"33","Adreian Payne","PF","6-10",237,"February 19, 1991","us","2","Michigan State University"
"502",12,"9","Ricky Rubio","PG","6-4",190,"October 21, 1990","es","5",""
"503",13,"4","Brandon Rush","SG","6-6",220,"July 7, 1985","us","8","University of Kansas"
"504",14,"7","Lance Stephenson","SG","6-6",230,"September 5, 1990","us","6","University of Cincinnati"
"505",15,"32","Karl-Anthony Towns","C","7-0",248,"November 15, 1995","us","1","University of Kentucky"
"506",16,"22","Andrew Wiggins","SF","6-8",194,"February 23, 1995","ca","2","University of Kansas"
"507",1,"28","Tarik Black","C","6-9",250,"November 22, 1991","us","2","University of Memphis, University of Kansas"
"508",2,"3","Corey Brewer","SF","6-9",186,"March 5, 1986","us","9","University of Florida"
"509",3,"5","Jose Calderon","PG","6-3",200,"September 28, 1981","es","11",""
"510",4,"6","Jordan Clarkson","SG","6-5",194,"June 7, 1992","us","2","University of Tulsa, University of Missouri"
"511",5,"9","Luol Deng","SF","6-9",237,"April 16, 1985","ss","12","Duke University"
"512",6,"11","Tyler Ennis","PG","6-3",194,"August 24, 1994","ca","2","Syracuse University"
"513",7,"4","Marcelo Huertas","PG","6-3",200,"May 25, 1983","br","1",""
"514",8,"14","Brandon Ingram","SF","6-9",190,"September 2, 1997","us","R","Duke University"
"515",9,"20","Timofey Mozgov","C","7-1",275,"July 16, 1986","ru","6",""
"516",10,"7","Larry Nance","PF","6-9",230,"January 1, 1993","us","1","University of Wyoming"
"517",11,"10","David Nwaba","SG","6-4",219,"January 14, 1993","us","R","California Polytechnic State University, San Luis Obispo"
"518",12,"30","Julius Randle","PF","6-9",250,"November 29, 1994","us","2","University of Kentucky"
"519",13,"15","Thomas Robinson","PF","6-10",237,"March 17, 1991","us","4","University of Kansas"
"520",14,"1","D'Angelo Russell","PG","6-5",198,"February 23, 1996","us","1","Ohio State University"
"521",15,"23","Lou Williams","SG","6-1",175,"October 27, 1986","us","11",""
"522",16,"37","Metta World Peace","SF","6-6",260,"November 13, 1979","us","16","St. John's University"
"523",17,"0","Nick Young","SG","6-7",210,"June 1, 1985","us","9","University of Southern California"
"524",18,"40","Ivica Zubac","C","7-1",240,"March 18, 1997","ba","R",""
"525",1,"19","Leandro Barbosa","SG","6-3",194,"November 28, 1982","br","13",""
"526",2,"35","Dragan Bender","PF","7-1",225,"November 17, 1997","ba","R",""
"527",3,"2","Eric Bledsoe","PG","6-1",205,"December 9, 1989","us","6","University of Kentucky"
"528",4,"1","Devin Booker","SG","6-6",210,"October 30, 1996","us","1","University of Kentucky"
"529",5,"4","Tyson Chandler","C","7-1",240,"October 2, 1982","us","15",""
"530",6,"0","Marquese Chriss","PF","6-10",240,"July 2, 1997","us","R","University of Washington"
"531",7,"3","Jared Dudley","PF","6-7",237,"July 10, 1985","us","9","Boston College"
"532",8,"31","Jarell Eddie","SF","6-7",218,"October 30, 1991","us","1","Virginia Polytechnic Institute and State University"
"533",9,"23","John Jenkins","SG","6-4",215,"March 6, 1991","us","4","Vanderbilt University"
"534",10,"10","Derrick Jones","SF","6-7",200,"February 15, 1997","us","R","University of Nevada, Las Vegas"
"535",11,"11","Brandon Knight","SG","6-3",195,"December 2, 1991","us","5","University of Kentucky"
"536",12,"21","Alex Len","C","7-1",250,"June 16, 1993","ua","3","University of Maryland"
"537",13,"22","Elijah Millsap","SG","6-6",225,"August 12, 1987","us","2","University of Louisiana at Lafayette, University of Alabama at Birmingham"
"538",14,"14","Ronnie Price","PG","6-2",190,"June 21, 1983","us","11","Nicholls State University, Utah Valley State College"
"539",15,"17","P.J. Tucker","SF","6-6",245,"May 5, 1985","us","5","University of Texas at Austin"
"540",16,"8","Tyler Ulis","PG","5-10",160,"January 5, 1996","us","R","University of Kentucky"
"541",17,"12","T.J. Warren","SF","6-8",215,"September 5, 1993","us","2","North Carolina State University"
"542",18,"15","Alan Williams","C","6-8",265,"January 28, 1993","us","1","University of California, Santa Barbara"
